{
    "rmse": 0.6593944488971251,
    "mae": 0.5209679189457262,
    "r2": 0.27700520034603426
}